model_key,model_name,depth_m,rmse,mae,bias,correlation
full_oceanembed_v1,Full OceanEmbed v1,0,1.372,1.1969,-1.1938,0.5686
full_oceanembed_v1,Full OceanEmbed v1,5,1.2108,1.0213,-1.0092,0.5765
full_oceanembed_v1,Full OceanEmbed v1,10,1.1724,0.9967,-0.9844,0.5842
full_oceanembed_v1,Full OceanEmbed v1,20,0.8567,0.7011,-0.6251,0.5634
full_oceanembed_v1,Full OceanEmbed v1,30,0.7406,0.5955,-0.1122,0.3039
full_oceanembed_v1,Full OceanEmbed v1,50,0.8396,0.6612,0.376,0.1951
full_oceanembed_v1,Full OceanEmbed v1,75,1.1057,0.7498,0.3893,0.7668
full_oceanembed_v1,Full OceanEmbed v1,100,1.3249,0.9527,0.3492,0.7961
full_oceanembed_v1,Full OceanEmbed v1,125,1.2226,0.8694,0.257,0.7681
full_oceanembed_v1,Full OceanEmbed v1,150,1.011,0.7511,0.1429,0.7308
full_oceanembed_v1,Full OceanEmbed v1,200,0.5988,0.4531,0.0579,0.6362
full_oceanembed_v1,Full OceanEmbed v1,300,0.2487,0.1959,-0.0373,0.4205
full_oceanembed_v1,Full OceanEmbed v1,500,0.1904,0.1499,-0.0251,0.2446
full_oceanembed_v1,Full OceanEmbed v1,700,0.2286,0.1775,-0.0273,0.1972
full_oceanembed_v1,Full OceanEmbed v1,1000,0.2045,0.1597,-0.0124,0.0742
without_depth_conditioning,OceanEmbed w/o Depth Conditioning,0,1.3507,1.1838,-1.1821,0.5728
without_depth_conditioning,OceanEmbed w/o Depth Conditioning,5,1.1932,1.0266,-1.0204,0.5908
without_depth_conditioning,OceanEmbed w/o Depth Conditioning,10,1.1954,1.0076,-0.9942,0.5336
without_depth_conditioning,OceanEmbed w/o Depth Conditioning,20,0.8681,0.7097,-0.6022,0.4716
without_depth_conditioning,OceanEmbed w/o Depth Conditioning,30,0.7038,0.5552,-0.0307,0.3
without_depth_conditioning,OceanEmbed w/o Depth Conditioning,50,0.8309,0.6552,0.3654,0.234
without_depth_conditioning,OceanEmbed w/o Depth Conditioning,75,1.0412,0.77,0.4167,0.811
without_depth_conditioning,OceanEmbed w/o Depth Conditioning,100,1.3318,0.967,0.5027,0.8097
without_depth_conditioning,OceanEmbed w/o Depth Conditioning,125,1.1437,0.835,0.3282,0.7999
without_depth_conditioning,OceanEmbed w/o Depth Conditioning,150,0.8839,0.6847,0.1698,0.7895
without_depth_conditioning,OceanEmbed w/o Depth Conditioning,200,0.5752,0.4401,0.1807,0.7175
without_depth_conditioning,OceanEmbed w/o Depth Conditioning,300,0.2916,0.2149,0.0258,0.3096
without_depth_conditioning,OceanEmbed w/o Depth Conditioning,500,0.2165,0.1633,0.0177,0.2782
without_depth_conditioning,OceanEmbed w/o Depth Conditioning,700,0.2433,0.1917,-0.0221,0.0215
without_depth_conditioning,OceanEmbed w/o Depth Conditioning,1000,0.2534,0.2131,-0.0435,-0.1805
without_global_context,OceanEmbed w/o Global Context,0,1.1523,0.9609,-0.9451,0.6341
without_global_context,OceanEmbed w/o Global Context,5,1.0015,0.7964,-0.7594,0.6359
without_global_context,OceanEmbed w/o Global Context,10,0.9699,0.7709,-0.7266,0.6296
without_global_context,OceanEmbed w/o Global Context,20,0.7964,0.6305,-0.462,0.4908
without_global_context,OceanEmbed w/o Global Context,30,0.8198,0.6573,-0.0271,0.1448
without_global_context,OceanEmbed w/o Global Context,50,0.9134,0.7378,0.4155,0.0779
without_global_context,OceanEmbed w/o Global Context,75,1.0783,0.7804,-0.005,0.7435
without_global_context,OceanEmbed w/o Global Context,100,1.2381,0.9012,0.0405,0.8095
without_global_context,OceanEmbed w/o Global Context,125,1.1157,0.8078,0.0458,0.8064
without_global_context,OceanEmbed w/o Global Context,150,0.9175,0.6981,-0.0174,0.7828
without_global_context,OceanEmbed w/o Global Context,200,0.5672,0.4364,-0.0083,0.6777
without_global_context,OceanEmbed w/o Global Context,300,0.2581,0.2017,-0.0408,0.3756
without_global_context,OceanEmbed w/o Global Context,500,0.1905,0.1497,-0.008,0.1442
without_global_context,OceanEmbed w/o Global Context,700,0.2051,0.1605,-0.0353,0.16
without_global_context,OceanEmbed w/o Global Context,1000,0.2024,0.1635,0.0025,0.1201
without_multimodal_branches,OceanEmbed w/o Multimodal Branches,0,1.3358,1.1809,-1.1796,0.6033
without_multimodal_branches,OceanEmbed w/o Multimodal Branches,5,1.1424,0.9754,-0.9699,0.6328
without_multimodal_branches,OceanEmbed w/o Multimodal Branches,10,1.118,0.9548,-0.947,0.628
without_multimodal_branches,OceanEmbed w/o Multimodal Branches,20,0.7924,0.6455,-0.5893,0.6503
without_multimodal_branches,OceanEmbed w/o Multimodal Branches,30,0.6755,0.5382,-0.2,0.429
without_multimodal_branches,OceanEmbed w/o Multimodal Branches,50,0.7626,0.5859,0.2975,0.3253
without_multimodal_branches,OceanEmbed w/o Multimodal Branches,75,1.1765,0.7968,0.4388,0.7362
without_multimodal_branches,OceanEmbed w/o Multimodal Branches,100,1.4289,1.0256,0.4947,0.7709
without_multimodal_branches,OceanEmbed w/o Multimodal Branches,125,1.2491,0.8888,0.2736,0.7438
without_multimodal_branches,OceanEmbed w/o Multimodal Branches,150,0.9798,0.7186,0.132,0.7236
without_multimodal_branches,OceanEmbed w/o Multimodal Branches,200,0.5892,0.435,0.0335,0.6037
without_multimodal_branches,OceanEmbed w/o Multimodal Branches,300,0.2704,0.2104,-0.0449,0.2753
without_multimodal_branches,OceanEmbed w/o Multimodal Branches,500,0.2053,0.1623,-0.0546,0.1705
without_multimodal_branches,OceanEmbed w/o Multimodal Branches,700,0.2242,0.1771,-0.0548,0.1781
without_multimodal_branches,OceanEmbed w/o Multimodal Branches,1000,0.2189,0.1781,-0.0284,-0.0781
direct_temperature_formulation,OceanEmbed Direct Temperature (w/o Residual),0,1.1446,0.8628,-0.5841,0.2049
direct_temperature_formulation,OceanEmbed Direct Temperature (w/o Residual),5,1.213,0.8888,-0.4059,0.0538
direct_temperature_formulation,OceanEmbed Direct Temperature (w/o Residual),10,1.0554,0.7761,-0.3991,0.2346
direct_temperature_formulation,OceanEmbed Direct Temperature (w/o Residual),20,1.1633,0.853,-0.0823,0.0258
direct_temperature_formulation,OceanEmbed Direct Temperature (w/o Residual),30,1.1529,0.876,0.3159,0.0546
direct_temperature_formulation,OceanEmbed Direct Temperature (w/o Residual),50,1.4584,1.2244,0.9887,0.1761
direct_temperature_formulation,OceanEmbed Direct Temperature (w/o Residual),75,1.1522,0.8618,0.1861,0.7212
direct_temperature_formulation,OceanEmbed Direct Temperature (w/o Residual),100,1.2611,1.011,-0.3811,0.8202
direct_temperature_formulation,OceanEmbed Direct Temperature (w/o Residual),125,1.0577,0.8129,-0.3322,0.8337
direct_temperature_formulation,OceanEmbed Direct Temperature (w/o Residual),150,0.7958,0.6118,-0.1673,0.8245
direct_temperature_formulation,OceanEmbed Direct Temperature (w/o Residual),200,0.5222,0.4127,0.0983,0.7517
direct_temperature_formulation,OceanEmbed Direct Temperature (w/o Residual),300,0.512,0.4214,0.2599,0.4237
direct_temperature_formulation,OceanEmbed Direct Temperature (w/o Residual),500,0.6764,0.5596,0.0554,0.3347
direct_temperature_formulation,OceanEmbed Direct Temperature (w/o Residual),700,0.5541,0.4493,0.3234,-0.0097
direct_temperature_formulation,OceanEmbed Direct Temperature (w/o Residual),1000,0.4418,0.3445,0.0429,-0.017
